<?xml version="1.0" encoding="UTF-8"?>
<nifty-styles>
  <style id="nifty-scrollpanel#scrollpanel">
    <attributes /> <!--  backgroundColor="#ffff" /> -->
    <effect overlay="true">
      <!-- <onActive name="blendMode" blendMode="multiply" post="true" /> -->
      <onActive name="imageOverlay" filename="blackborder.png" imageMode="resize:1,30,1,1,1,30,1,1,1,30,1,1" post="true" />
    </effect>
  </style>
  <style id="nifty-scrollpanel#bottom-right">
    <attributes width="23px" height="23px" />
  </style>
</nifty-styles>
