<?xml version="1.0" encoding="UTF-8"?>
<nifty-styles>
  <style id="nifty-chat-control#mainPanel">
    <attributes childLayout="vertical" width="100%" />
  </style>

  <style id="nifty-chat-control#chatPanel">
    <attributes childLayout="horizontal" width="100%" align="center" />
  </style>

  <style id="nifty-chat-control#chatArea">
    <attributes childLayout="horizontal" align="left" width="75%" />
  </style>

  <style id="nifty-chat-control#playerArea">
    <attributes childLayout="vertical" width="25%" />
  </style>

  <style id="nifty-chat-control#spacer">
    <attributes height="9px" width="100%" />
  </style>

  <style id="nifty-chat-control#chatTextArea">
    <attributes childLayout="horizontal" align="left" width="75%" />
  </style>
  
  <style id="current-player">
    <attributes  backgroundImage="panel/nifty-panel-red-no-shadow.png" imageMode="resize:8,210,8,8,8,210,8,209,8,210,8,8"  />
  </style>
  
  <style id="default">
    <attributes  backgroundImage="panel/nifty-panel-no-shadow.png" imageMode="resize:8,210,8,8,8,210,8,209,8,210,8,8"  />
  </style>
  
</nifty-styles>
