<?xml version="1.0" encoding="UTF-8"?>
<nifty-styles>
  <useStyles filename="fonts.xml" />
  <useStyles filename="panel/nifty-panel.xml" />
  <useStyles filename="button/nifty-button.xml" />
  <useStyles filename="label/nifty-label.xml" />
  <useStyles filename="textfield/nifty-textfield.xml" />
  <useStyles filename="dropdown/nifty-drop-down.xml" />
  <useStyles filename="imageselect/nifty-image-select.xml" />
  <useStyles filename="checkbox/nifty-checkbox.xml" />
  <useStyles filename="radiobutton/nifty-radiobutton.xml" />
  <useStyles filename="styles/nifty-controls-style-black/src/main/resources/scrollbar/nifty-scrollbar-style.xml" />
  <useStyles filename="slider/nifty-slider-style.xml" />
  <useStyles filename="styles/nifty-controls-style-black/src/main/resources/scrollpanel/nifty-scrollpanel-style.xml" />
  <useStyles filename="console/nifty-console-style.xml" />
  <useStyles filename="chat-control/nifty-chat-control.xml" />
  <useStyles filename="menu/nifty-menu-style.xml" />
  <useStyles filename="listbox/nifty-listbox-style.xml" />
  <useStyles filename="window/nifty-window.xml" />
  <useStyles filename="hint/nifty-hint.xml" />
  <useStyles filename="tabs/nifty-tabs.xml" />
  <useStyles filename="messagebox/nifty-messagebox.xml" />
</nifty-styles>
